"min_temp","winter_season","model_type","pred","lwr","upr"
-25,"2021-22","parallel",17.2255750432121,13.5541428803275,21.8914938546202
-24.5,"2021-22","parallel",17.1949409090313,13.6336961910665,21.6864149473137
-24,"2021-22","parallel",17.1643612548997,13.7123818794002,21.4853480511139
-23.5,"2021-22","parallel",17.1338359839295,13.790039847916,21.2884327211398
-23,"2021-22","parallel",17.1033649994052,13.8664892902312,21.095829534081
-22.5,"2021-22","parallel",17.0729482047831,13.9415259588652,20.9077228176631
-22,"2021-22","parallel",17.0425855036915,14.0149191606797,20.7243236525776
-21.5,"2021-22","parallel",17.0122767999299,14.0864085100102,20.545873116754
-21,"2021-22","parallel",16.9820219974688,14.1557005061857,20.3726457052758
-20.5,"2021-22","parallel",16.9518210004497,14.2224650557786,20.204952805599
-20,"2021-22","parallel",16.9216741642981,14.286330205047,20.0431498091453
-19.5,"2021-22","parallel",16.891591797688,14.3468521759111,19.8876987063958
-19,"2021-22","parallel",16.8616040511532,14.4035540357915,19.7391345546642
-18.5,"2021-22","parallel",16.8317571551642,14.456041896999,19.5978989926167
-18,"2021-22","parallel",16.802109388506,14.5040744009034,19.4642465351486
-17.5,"2021-22","parallel",16.7727303719088,14.5475675421108,19.3382490450312
-17,"2021-22","parallel",16.7436961034876,14.5865685933644,19.2198293527019
-16.5,"2021-22","parallel",16.7150839141853,14.6212275591465,19.1087943285226
-16,"2021-22","parallel",16.6869700503287,14.6517592998593,19.004882878689
-15.5,"2021-22","parallel",16.6594261782855,14.6783709860385,18.9078529799885
-15,"2021-22","parallel",16.6325138253653,14.7012096205183,18.8175342908425
-14.5,"2021-22","parallel",16.6062762750186,14.7203555686498,18.7338145764328
-14,"2021-22","parallel",16.5807394549235,14.7358943622636,18.6565480257572
-13.5,"2021-22","parallel",16.5559166925359,14.7479929621647,18.5854697811002
-13,"2021-22","parallel",16.5317933012355,14.7568721119389,18.5201977547577
-12.5,"2021-22","parallel",16.5083268418809,14.7627833520978,18.4602624463522
-12,"2021-22","parallel",16.4854610694288,14.76600304467,18.4051449704768
-11.5,"2021-22","parallel",16.4631220963948,14.7667557645412,18.3543625615876
-11,"2021-22","parallel",16.4412233597376,14.7651941551902,18.3075022734978
-10.5,"2021-22","parallel",16.4196780706246,14.7614577941566,18.2641736136438
-10,"2021-22","parallel",16.3984126700781,14.7557173607722,18.2239827128341
-9.5,"2021-22","parallel",16.3773790110975,14.7482056406829,18.1865204356289
-9,"2021-22","parallel",16.3565609134671,14.7392179512967,18.1513758599669
-8.5,"2021-22","parallel",16.3359846373586,14.7290709906457,18.1182095083593
-8,"2021-22","parallel",16.3157249546817,14.7180572733163,18.0868219122537
-7.5,"2021-22","parallel",16.295904860801,14.7064317985747,18.0571683783971
-7,"2021-22","parallel",16.2766885519735,14.6944394244482,18.0293090852558
-6.5,"2021-22","parallel",16.2582674507103,14.6823577986185,18.0033250874527
-6,"2021-22","parallel",16.2408571596668,14.6705041742961,17.9793031068993
-5.5,"2021-22","parallel",16.2246883307765,14.6592184574646,17.9573360063265
-5,"2021-22","parallel",16.2099990021249,14.6488151370968,17.9375645872863
-4.5,"2021-22","parallel",16.1970272824877,14.6395444664885,17.9202087462615
-4,"2021-22","parallel",16.1860056856142,14.6315866642587,17.9055618550723
-3.5,"2021-22","parallel",16.1771579320432,14.6250788064106,17.893950673521
-3,"2021-22","parallel",16.1706979518219,14.6201529117036,17.8856865470765
-2.5,"2021-22","parallel",16.166830420335,14.6169564821856,17.8810415258751
-2,"2021-22","parallel",16.1657519006248,14.615640517275,17.8802656102326
-1.5,"2021-22","parallel",16.167651590209,14.6163245575577,17.8836312037987
-1,"2021-22","parallel",16.1727107872493,14.6190652422012,17.8914704787669
-0.5,"2021-22","parallel",16.1811004755321,14.6238514449536,17.9041761730707
0,"2021-22","parallel",16.1929768272359,14.6306278341161,17.9221631156501
0.5,"2021-22","parallel",16.2084748652678,14.6393257180119,17.9458168032139
1,"2021-22","parallel",16.2277009353889,14.6498730640809,17.9754648041344
1.5,"2021-22","parallel",16.2507249422,14.662170742911,18.0113890212827
2,"2021-22","parallel",16.2775734513396,14.6760485552927,18.053864871427
2.5,"2021-22","parallel",16.3082247293782,14.6912322620317,18.1031916914996
3,"2021-22","parallel",16.3426065899015,14.7073473619839,18.1596846514044
3.5,"2021-22","parallel",16.3805975748413,14.7239597162551,18.2236288389644
4,"2021-22","parallel",16.4220315819495,14.7406261099385,18.2952283890247
4.5,"2021-22","parallel",16.466705622243,14.7569206316913,18.374591882489
5,"2021-22","parallel",16.5143900255418,14.7724224622793,18.4617708173527
5.5,"2021-22","parallel",16.5648401932749,14.786685601596,18.5568245664951
6,"2021-22","parallel",16.6178088720018,14.7992286570345,18.6598624905438
6.5,"2021-22","parallel",16.6730563858105,14.8095551491249,18.7710438595344
7,"2021-22","parallel",16.7303580254425,14.8172161506512,18.8905174098568
7.5,"2021-22","parallel",16.7895082125291,14.8218741175752,19.018349756751
8,"2021-22","parallel",16.8503251253677,14.8233254159275,19.1545047324882
8.5,"2021-22","parallel",16.912649624788,14.8214748252903,19.2988700991325
9,"2021-22","parallel",16.9763460569915,14.8162684428223,19.4513434039694
9.5,"2021-22","parallel",17.0412989144496,14.8076289178375,19.6119088547522
10,"2021-22","parallel",17.1074052755125,14.7954348781723,19.7806497524718
-25,"2022-23","parallel",25.353192806355,19.7880528042069,32.4834581672208
-24.5,"2022-23","parallel",25.3081044358132,19.9037997307711,32.1797927429817
-24,"2022-23","parallel",25.2630962508786,20.0183177520749,31.8820012793036
-23.5,"2022-23","parallel",25.2181681089483,20.131386069348,31.5902740417601
-23,"2022-23","parallel",25.1733198676729,20.242756460362,31.3048291817885
-22.5,"2022-23","parallel",25.1285513849564,20.3521498256774,31.025916186492
-22,"2022-23","parallel",25.0838625189554,20.4592524109384,30.7538196524452
-21.5,"2022-23","parallel",25.0392531280786,20.563711742901,30.4888633458128
-21,"2022-23","parallel",24.9947230709868,20.66513235838,30.2314144695996
-20.5,"2022-23","parallel",24.9502722065919,20.7630714651305,29.9818879990123
-20,"2022-23","parallel",24.9059010580215,20.8570320938437,29.7407562457101
-19.5,"2022-23","parallel",24.8616247979358,20.9464223419642,29.5086376805757
-19,"2022-23","parallel",24.8174878029259,21.030610146299,29.2862497361622
-18.5,"2022-23","parallel",24.7735581165857,21.109084003415,29.0741740217889
-18,"2022-23","parallel",24.7299215156317,21.1815473080824,28.8727263062573
-17.5,"2022-23","parallel",24.6866804702453,21.2479226011621,28.681965954011
-17,"2022-23","parallel",24.6439468370616,21.308312928604,28.5017456681264
-16.5,"2022-23","parallel",24.6018344344177,21.3629603086747,28.3317596809246
-16,"2022-23","parallel",24.5604554842753,21.4121920133758,28.1716123794449
-15.5,"2022-23","parallel",24.5199154676551,21.456319042489,28.0209412131861
-15,"2022-23","parallel",24.4803049425639,21.4955621002512,27.8794909984659
-14.5,"2022-23","parallel",24.4416876150704,21.5300405610113,27.747095588594
-14,"2022-23","parallel",24.4041016464216,21.5598710917539,27.6235500033516
-13.5,"2022-23","parallel",24.3675666524247,21.5852739670216,27.5084905323668
-13,"2022-23","parallel",24.3320610168074,21.6065330088211,27.4013972109235
-12.5,"2022-23","parallel",24.2975222761843,21.6239647227352,27.3016348450182
-12,"2022-23","parallel",24.2638676471696,21.6379136778794,27.2085045704399
-11.5,"2022-23","parallel",24.2309883796267,21.6486443407465,27.1213655974062
-11,"2022-23","parallel",24.198757067099,21.6563123001737,27.0396841103818
-10.5,"2022-23","parallel",24.1670459708031,21.661049253301,26.9629649111251
-10,"2022-23","parallel",24.1357468241094,21.6630271026294,26.8907143954411
-9.5,"2022-23","parallel",24.1047887626094,21.6625050003762,26.8224215657391
-9,"2022-23","parallel",24.0741479717063,21.6598338053992,26.7575737547507
-8.5,"2022-23","parallel",24.0438631020224,21.6553994999826,26.6957602361138
-8,"2022-23","parallel",24.0140442054215,21.6495578615798,26.6367711889086
-7.5,"2022-23","parallel",23.9848723107047,21.6426141883318,26.5806198250744
-7,"2022-23","parallel",23.9565890875607,21.6348622982915,26.5274700063867
-6.5,"2022-23","parallel",23.9294762782142,21.6266478663717,26.477512302774
-6,"2022-23","parallel",23.9038512140562,21.61838055024,26.4309392433835
-5.5,"2022-23","parallel",23.8800533765222,21.610510531875,26.3879443488591
-5,"2022-23","parallel",23.8584331182397,21.6034583661151,26.3487827370427
-4.5,"2022-23","parallel",23.8393408958803,21.5975569042276,26.3138176632723
-4,"2022-23","parallel",23.8231189311641,21.5930420420483,26.2835127400397
-3.5,"2022-23","parallel",23.8100965036617,21.5900933237464,26.2583716991228
-3,"2022-23","parallel",23.8005884829619,21.5888926338601,26.2388637408316
-2.5,"2022-23","parallel",23.7948961173238,21.589656960928,26.2253857140441
-2,"2022-23","parallel",23.7933087149823,21.5926212728021,26.2182869070896
-1.5,"2022-23","parallel",23.7961047433401,21.5979851324465,26.2179364178436
-1,"2022-23","parallel",23.8035510432567,21.605863479932,26.2247811940127
-0.5,"2022-23","parallel",23.8158992745398,21.6162775972336,26.2393492914623
0,"2022-23","parallel",23.8333792967642,21.6291898196463,26.262193519032
0.5,"2022-23","parallel",23.8561898412806,21.6445496899884,26.2938153897683
1,"2022-23","parallel",23.8844874314317,21.6623079152765,26.3346242742637
1.5,"2022-23","parallel",23.918374955209,21.6823777248895,26.384959608985
2,"2022-23","parallel",23.9578915128317,21.7045644951041,26.445154698685
2.5,"2022-23","parallel",24.003005116292,21.7285122337775,26.5155869124397
3,"2022-23","parallel",24.0536095191465,21.7537072003944,26.5966681251041
3.5,"2022-23","parallel",24.1095259552403,21.7795390535714,26.6887761194876
4,"2022-23","parallel",24.1705099495811,21.8053777985768,26.7921774444527
4.5,"2022-23","parallel",24.2362627360141,21.8306134971806,26.9070052238782
5,"2022-23","parallel",24.306446278082,21.8546363614942,27.0333178231338
5.5,"2022-23","parallel",24.3807005672098,21.8767894909646,27.1711971445101
6,"2022-23","parallel",24.4586616872938,21.896353777191,27.3208104701274
6.5,"2022-23","parallel",24.5399768750975,21.9125795914012,27.4824085643771
7,"2022-23","parallel",24.6243153958183,21.9247852050161,27.6562302910959
7.5,"2022-23","parallel",24.7113746721546,21.9324570822306,27.8423906586528
8,"2022-23","parallel",24.8008870926814,21.935284950291,28.0408484310923
8.5,"2022-23","parallel",24.8926184309036,21.9331233884081,28.2514460605301
9,"2022-23","parallel",24.9863690269031,21.925888540213,28.4740404478274
9.5,"2022-23","parallel",25.0819688727328,21.9134594468359,28.7086191962982
10,"2022-23","parallel",25.1792664847747,21.8956480825529,28.9553183500644
-25,"2023-24","parallel",27.2386182353032,21.2339246105951,34.9413656201072
-24.5,"2023-24","parallel",27.1901768054045,21.3578057838016,34.6152466312746
-24,"2023-24","parallel",27.141821524227,21.4803542516016,34.2954528134967
-23.5,"2023-24","parallel",27.0935522385631,21.6013335170428,33.9821878276448
-23,"2023-24","parallel",27.0453687954775,21.7204779963463,33.675684918464
-22.5,"2023-24","parallel",26.9972710423068,21.8374894075857,33.3762105216452
-22,"2023-24","parallel",26.9492588266593,21.9520328320572,33.0840681982624
-21.5,"2023-24","parallel",26.9013319964142,22.0637324911493,32.7996028537601
-21,"2023-24","parallel",26.8534903997212,22.172167325133,32.5232051550736
-20.5,"2023-24","parallel",26.8057338850002,22.2768665226596,32.255315997093
-20,"2023-24","parallel",26.7580630142818,22.3773023865639,31.9964365636041
-19.5,"2023-24","parallel",26.7104940885622,22.4728468308602,31.7472236528302
-19,"2023-24","parallel",26.6630747845593,22.5628294257882,31.5084399899979
-18.5,"2023-24","parallel",26.6158782060235,22.6467082795379,31.2807037532225
-18,"2023-24","parallel",26.5689965085762,22.7241698750473,31.0643503967057
-17.5,"2023-24","parallel",26.5225397827361,22.795132670259,30.8594438427905
-17,"2023-24","parallel",26.4766282035126,22.8597056107733,30.6658297776446
-16.5,"2023-24","parallel",26.4313840535016,22.9181440442765,30.4831866679085
-16,"2023-24","parallel",26.386927900207,22.9707926541099,30.3110987285042
-15.5,"2023-24","parallel",26.3433730688922,23.0179776667711,30.1491866354818
-15,"2023-24","parallel",26.3008168520362,23.059928921366,29.9971855699621
-14.5,"2023-24","parallel",26.2593276932981,23.0967695550203,29.8549236187071
-14,"2023-24","parallel",26.2189465918388,23.1286212624821,29.7221850184736
-13.5,"2023-24","parallel",26.1796946222225,23.1557171154039,29.5985828077375
-13,"2023-24","parallel",26.1415485606528,23.1783622963181,29.4835567937223
-12.5,"2023-24","parallel",26.1044412985676,23.196902276958,29.3764161858481
-12,"2023-24","parallel",26.0682838962797,23.2117160789161,29.2763974445776
-11.5,"2023-24","parallel",26.0329595162974,23.2231041874799,29.1827903671271
-11,"2023-24","parallel",25.9983312774057,23.2312585576592,29.0949897325682
-10.5,"2023-24","parallel",25.9642619413491,23.2363502335084,29.0124262797016
-10,"2023-24","parallel",25.9306351900996,23.2385957602545,28.9345297925466
-9.5,"2023-24","parallel",25.8973748893184,23.2383050729681,28.8607118312626
-9,"2023-24","parallel",25.8644554534031,23.2358843883929,28.7903849373276
-8.5,"2023-24","parallel",25.8319184072832,23.2317747833999,28.7230749618554
-8,"2023-24","parallel",25.7998819869825,23.226382306371,28.6585272627516
-7.5,"2023-24","parallel",25.7685406837604,23.220056596945,28.5967299949639
-7,"2023-24","parallel",25.7381541394082,23.2131329552272,28.5378358785802
-6.5,"2023-24","parallel",25.7090250483025,23.2060008460886,28.4820281322039
-6,"2023-24","parallel",25.6814943406245,23.1991182233195,28.4294922427081
-5.5,"2023-24","parallel",25.6559267438186,23.1929880437939,28.3804129007137
-5,"2023-24","parallel",25.6326986649725,23.1880851347901,28.3350365944407
-4.5,"2023-24","parallel",25.6121866229555,23.18479447522,28.2937208828925
-4,"2023-24","parallel",25.5947582892815,23.1833998232158,28.2569276673016
-3.5,"2023-24","parallel",25.5807674308541,23.1841242137546,28.2251620254528
-3,"2023-24","parallel",25.5705523329769,23.1871891515815,28.1988964828415
-2.5,"2023-24","parallel",25.5644366466547,23.1928460897306,28.1785348176909
-2,"2023-24","parallel",25.5627311949312,23.2013546877326,28.1644427637587
-1.5,"2023-24","parallel",25.5657351538249,23.2129221960574,28.1570242830749
-1,"2023-24","parallel",25.5737352081866,23.2276472845768,28.1567876628086
-0.5,"2023-24","parallel",25.5870017328555,23.2455076800804,28.1643518690785
0,"2023-24","parallel",25.6057816812333,23.2663966753559,28.1803867034323
0.5,"2023-24","parallel",25.6302885636038,23.2901745907672,28.2055288719912
1,"2023-24","parallel",25.6606905433856,23.3166877544043,28.2403335370403
1.5,"2023-24","parallel",25.6970981599789,23.345731447897,28.2852929803181
2,"2023-24","parallel",25.739553421345,23.3769779081068,28.3409007329609
2.5,"2023-24","parallel",25.7880219606434,23.4099218491191,28.4077016971182
3,"2023-24","parallel",25.8423896302662,23.4438883672805,28.4862771627316
3.5,"2023-24","parallel",25.9024643698649,23.4781047914066,28.5771644003264
4,"2023-24","parallel",25.9679835237246,23.5117906561186,28.6807660952419
4.5,"2023-24","parallel",26.0386261075299,23.5442059884946,28.7973206613577
5,"2023-24","parallel",26.1140289462726,23.5746315901209,28.9269635115967
5.5,"2023-24","parallel",26.1938052588394,23.6023164311918,29.069834562139
6,"2023-24","parallel",26.2775640659996,23.6264591109,29.2261472614892
6.5,"2023-24","parallel",26.3649263707884,23.6462427470759,29.396185684639
7,"2023-24","parallel",26.4555368428497,23.6609438259519,29.5801991159675
7.5,"2023-24","parallel",26.5490704033001,23.6700425303111,29.7782793747318
8,"2023-24","parallel",26.6452395394192,23.6732594104488,29.990326967805
8.5,"2023-24","parallel",26.7437926061329,23.6705078851435,30.2161004077463
9,"2023-24","parallel",26.8445150955355,23.6617745358285,30.4553654512794
9.5,"2023-24","parallel",26.9472243568028,23.6470052029677,30.7080281119376
10,"2023-24","parallel",27.051757641027,23.6260689867681,30.9741579049273
-25,"2024-25","parallel",50.6058073838992,39.6904539318269,64.5230146617885
-24.5,"2024-25","parallel",50.5158095121394,39.9273602153102,63.9122395496671
-24,"2024-25","parallel",50.4259716934908,40.1620926150855,63.3129016857459
-23.5,"2024-25","parallel",50.3362936433134,40.3942203202967,62.7253710470247
-23,"2024-25","parallel",50.2467750774736,40.6232558329163,62.1500752197333
-22.5,"2024-25","parallel",50.1574157123425,40.8486471550095,61.5875072041944
-22,"2024-25","parallel",50.0682152647962,41.0697690607586,61.0382341350247
-21.5,"2024-25","parallel",49.9791734522141,41.2859134706753,60.5029068992437
-21,"2024-25","parallel",49.890289992478,41.4962790259759,59.982270554318
-20.5,"2024-25","parallel",49.8015646039719,41.699960085765,59.4771753234901
-20,"2024-25","parallel",49.7129983308755,41.8959297954308,58.9885990145791
-19.5,"2024-25","parallel",49.6246214583178,42.0829472562454,58.5178371630297
-19,"2024-25","parallel",49.5365225634357,42.2596618110561,58.0664151703123
-18.5,"2024-25","parallel",49.448837463482,42.424947372803,57.6356054140298
-18,"2024-25","parallel",49.3617373716067,42.5781035916765,57.226154074645
-17.5,"2024-25","parallel",49.2754268216647,42.7188700345469,56.8382938615568
-17,"2024-25","parallel",49.1901290831817,42.8473521777494,56.471839594247
-16.5,"2024-25","parallel",49.1060713413048,42.9639403993517,56.1262821836914
-16,"2024-25","parallel",49.0234775947637,43.0692013046441,55.8009269427794
-15.5,"2024-25","parallel",48.9425583871478,43.163666527308,55.4951470576278
-15,"2024-25","parallel",48.8634944752196,43.2476776841395,55.2085388206972
-14.5,"2024-25","parallel",48.7864130183892,43.3213652188116,54.940883861327
-14,"2024-25","parallel",48.7113901877617,43.3848599398583,54.6918795476953
-13.5,"2024-25","parallel",48.6384651371338,43.4385226757943,54.4608827641932
-13,"2024-25","parallel",48.5675947197148,43.4828668853558,54.2469120786715
-12.5,"2024-25","parallel",48.4986542565312,43.5184947550802,54.0487321064792
-12,"2024-25","parallel",48.4314785092199,43.5460844452945,53.8649603165984
-11.5,"2024-25","parallel",48.3658504089286,43.5661558653889,53.6943285289321
-11,"2024-25","parallel",48.3015156481761,43.5790055244673,53.5357882960667
-10.5,"2024-25","parallel",48.2382192561461,43.5848876567704,53.3883628501807
-10,"2024-25","parallel",48.1757451290822,43.5841511052725,53.2510639736085
-9.5,"2024-25","parallel",48.1139518192923,43.5773399986842,53.1228468680988
-9,"2024-25","parallel",48.0527917920572,43.5652026579594,53.0026410559789
-8.5,"2024-25","parallel",47.9923421952913,43.548568386981,52.889566631047
-8,"2024-25","parallel",47.9328226961375,43.5282070957363,52.7831409772079
-7.5,"2024-25","parallel",47.8745946340414,43.5047886997588,52.6833224542587
-7,"2024-25","parallel",47.8181403896569,43.4789706964351,52.5903560663733
-6.5,"2024-25","parallel",47.7640223297381,43.4515354981088,52.504515731441
-6,"2024-25","parallel",47.7128738581872,43.42341877873,52.4260501783058
-5.5,"2024-25","parallel",47.665372591124,43.3956571131368,52.3551870254522
-5,"2024-25","parallel",47.6222178439254,43.3692366833351,52.2922653431374
-4.5,"2024-25","parallel",47.584109139644,43.3449671179679,52.2378396654717
-4,"2024-25","parallel",47.5517295640975,43.3234587026695,52.1926700279296
-3.5,"2024-25","parallel",47.5257363701478,43.3052038622472,52.157602691576
-3,"2024-25","parallel",47.5067580478588,43.2906942812903,52.1334226139494
-2.5,"2024-25","parallel",47.4953958986715,43.2804812337571,52.120784410597
-2,"2024-25","parallel",47.4922273913458,43.2751311186572,52.1202733368236
-1.5,"2024-25","parallel",47.4978083559839,43.2751076602418,52.1325519588359
-1,"2024-25","parallel",47.5126714157247,43.2806668129377,52.1584834821403
-0.5,"2024-25","parallel",47.5373188918284,43.2918389144047,52.1991383154544
0,"2024-25","parallel",47.5722095915722,43.3085037611348,52.2556756499032
0.5,"2024-25","parallel",47.6177401892739,43.3304902249478,52.3291836524779
1,"2024-25","parallel",47.6742231106775,43.3576100226218,52.4205911723643
1.5,"2024-25","parallel",47.7418637236011,43.3895844713807,52.5307070711012
2,"2024-25","parallel",47.8207400733692,43.4259081137391,52.6603421896255
2.5,"2024-25","parallel",47.910788310865,43.465748900845,52.8104011690891
3,"2024-25","parallel",48.0117963646906,43.5079659625557,52.9818514648188
3.5,"2024-25","parallel",48.123407411716,43.5512434529519,53.1755733545429
4,"2024-25","parallel",48.2451334718097,43.5942534170863,53.3921955594371
4.5,"2024-25","parallel",48.376378197892,43.6357392945767,53.6320457812512
5,"2024-25","parallel",48.5164668580674,43.6744758811169,53.89526740509
5.5,"2024-25","parallel",48.6646808633696,43.7091722393772,54.1820181485861
6,"2024-25","parallel",48.8202938252768,43.7384378937415,54.4925974488771
6.5,"2024-25","parallel",48.9826016167573,43.7608448727239,54.8274437599223
7,"2024-25","parallel",49.1509440802585,43.7751196720469,55.1869491638044
7.5,"2024-25","parallel",49.3247172615262,43.7803356725405,55.5712443853065
8,"2024-25","parallel",49.5033869993475,43.775975189581,55.9801423907611
8.5,"2024-25","parallel",49.6864857699284,43.7618440116226,56.413227639805
9,"2024-25","parallel",49.8736150454998,43.7378608251552,56.8701219213749
9.5,"2024-25","parallel",50.0644354846034,43.7038587957371,57.3507184367092
10,"2024-25","parallel",50.2586447209515,43.6595260021688,57.8552174171873
-25,"2025-26","parallel",12.5687325539802,9.88245150032804,15.9852075174099
-24.5,"2025-26","parallel",12.5463801948528,9.94018402882755,15.8358895104241
-24,"2025-26","parallel",12.5240675873835,9.99726592027673,15.6895165322368
-23.5,"2025-26","parallel",12.5017946608774,10.0535794806104,15.5461912888019
-23,"2025-26","parallel",12.4795613447657,10.1089919713437,15.4060317585817
-22.5,"2025-26","parallel",12.4573675686046,10.1633536639053,15.2691731362709
-22,"2025-26","parallel",12.4352132620762,10.2164957108473,15.1357699596676
-21.5,"2025-26","parallel",12.413098354987,10.2682278595887,15.0059983940357
-21,"2025-26","parallel",12.3910227772688,10.3183360612705,14.8800586213791
-20.5,"2025-26","parallel",12.3689864589779,10.3665800662223,14.7581772431272
-20,"2025-26","parallel",12.3469896594523,10.4126897506148,14.6406123011224
-19.5,"2025-26","parallel",12.325039900471,10.4563435387804,14.5276987108172
-19,"2025-26","parallel",12.3031591815314,10.4971965216427,14.4198239533782
-18.5,"2025-26","parallel",12.2813812349427,10.5349646127287,14.3173072319353
-18,"2025-26","parallel",12.2597485841304,10.5694746137438,14.2203317420004
-17.5,"2025-26","parallel",12.2383120282313,10.6006672635932,14.1289484497584
-17,"2025-26","parallel",12.2171270196744,10.6285780844736,14.0431007260414
-16.5,"2025-26","parallel",12.1962499833943,10.6533166464339,13.9626483088941
-16,"2025-26","parallel",12.175736552929,10.6750390755259,13.8874021497695
-15.5,"2025-26","parallel",12.1556390200256,10.693895391302,13.8171877111637
-15,"2025-26","parallel",12.1360022784129,10.7099914951102,13.7518831241731
-14.5,"2025-26","parallel",12.1168579100913,10.72338438465,13.6914093859681
-14,"2025-26","parallel",12.098224833329,10.7341339958569,13.6356639645333
-13.5,"2025-26","parallel",12.0801127725753,10.7423581915828,13.584459016874
-13,"2025-26","parallel",12.0625110116594,10.7482123510182,13.5375229995916
-12.5,"2025-26","parallel",12.0453885846358,10.7518727784797,13.4945222236334
-12,"2025-26","parallel",12.0287044520092,10.7535327282563,13.4550881510402
-11.5,"2025-26","parallel",12.0124047013831,10.7533475994396,13.4188786678235
-11,"2025-26","parallel",11.9964261715735,10.7514209280688,13.3856019453482
-10.5,"2025-26","parallel",11.9807055366467,10.7478469868789,13.3549821960687
-10,"2025-26","parallel",11.9651891239028,10.7427428773004,13.3267408897287
-9.5,"2025-26","parallel",11.9498418026263,10.7362710269266,13.3005881417912
-9,"2025-26","parallel",11.934651766837,10.7286395665281,13.2762324535578
-8.5,"2025-26","parallel",11.9196381774087,10.7200734057671,13.2534329665975
-8,"2025-26","parallel",11.9048555920636,10.7107823013002,13.2320481063912
-7.5,"2025-26","parallel",11.8903937550244,10.7009518448928,13.21204559172
-7,"2025-26","parallel",11.8763724729644,10.6907630265665,13.1934664313558
-6.5,"2025-26","parallel",11.862931418338,10.6804221586953,13.1763651047836
-6,"2025-26","parallel",11.8502279067708,10.6701658381393,13.16079839551
-5.5,"2025-26","parallel",11.8384302346743,10.6602484660438,13.1468258800596
-5,"2025-26","parallel",11.8277120878051,10.6509081629554,13.1345394300342
-4.5,"2025-26","parallel",11.8182472034993,10.6423392438094,13.1240851999964
-4,"2025-26","parallel",11.8102052366522,10.6346879583472,13.1156596487034
-3.5,"2025-26","parallel",11.8037494261461,10.6280710940717,13.1094814178427
-3,"2025-26","parallel",11.7990358671791,10.6226021704238,13.1057574369676
-2.5,"2025-26","parallel",11.7962139022357,10.6184051449406,13.1046668993978
-2,"2025-26","parallel",11.7954269545862,10.6156054202643,13.1063742040926
-1.5,"2025-26","parallel",11.7968130732068,10.6143050918326,13.1110607317353
-1,"2025-26","parallel",11.8005045432668,10.6145609504017,13.1189512337192
-0.5,"2025-26","parallel",11.8066261239962,10.6163810952786,13.1303142926757
0,"2025-26","parallel",11.8152917672567,10.6197411662802,13.1454352191433
0.5,"2025-26","parallel",11.8265999932316,10.6246054056318,13.1645799594369
1,"2025-26","parallel",11.8406283976715,10.6309331921232,13.1879749705908
1.5,"2025-26","parallel",11.8574279868406,10.6386623211499,13.2158155056391
2,"2025-26","parallel",11.8770181444988,10.6476785279785,13.248292539457
2.5,"2025-26","parallel",11.8993830127333,10.6577927279982,13.2856136066292
3,"2025-26","parallel",11.9244699203426,10.6687435494709,13.3279970806129
3.5,"2025-26","parallel",11.9521902448004,10.6802251401298,13.375640473265
4,"2025-26","parallel",11.982422788717,10.6919218207765,13.4286855342099
4.5,"2025-26","parallel",12.0150194401,10.70352628847,13.4872086315598
5,"2025-26","parallel",12.0498126188795,10.7147315219577,13.5512480039797
5.5,"2025-26","parallel",12.0866238524058,10.7252104063715,13.6208494392577
6,"2025-26","parallel",12.1252727308895,10.7346091822724,13.6960960852911
6.5,"2025-26","parallel",12.1655843735251,10.7425617990654,13.7771088421603
7,"2025-26","parallel",12.2073948200055,10.7487335994607,13.8640042487399
7.5,"2025-26","parallel",12.2505540689794,10.7528661762276,13.9568439276939
8,"2025-26","parallel",12.2949294532734,10.7547941048109,14.0556191766934
8.5,"2025-26","parallel",12.3404048561444,10.7544283137285,14.1602684560324
9,"2025-26","parallel",12.386881297076,10.7517103173292,14.2707368166858
9.5,"2025-26","parallel",12.4342744953849,10.7465672630996,14.387029685048
10,"2025-26","parallel",12.4825093537412,10.7388970951849,14.5092217929997
-25,"2021-22","shape",23.4646968184469,18.3972126963562,29.9280116977004
-24.5,"2021-22","shape",23.2642561465358,18.3289483942977,29.5284597025768
-24,"2021-22","shape",23.0655276835345,18.2605761616951,29.1348182340436
-23.5,"2021-22","shape",22.8684968033726,18.1920762526413,28.7470291341777
-23,"2021-22","shape",22.673149004919,18.1234274041817,28.3650368296589
-22.5,"2021-22","shape",22.4794699109146,18.054606694004,27.9887884593762
-22,"2021-22","shape",22.2874452669139,17.9855893835935,27.6182340167733
-21.5,"2021-22","shape",22.0970609402359,17.9163487454101,27.2533265083708
-21,"2021-22","shape",21.9083029189246,17.8468558725568,26.8940221299942
-20.5,"2021-22","shape",21.7211573107168,17.7770794693313,26.5402804623145
-20,"2021-22","shape",21.535610342563,17.7069856187804,26.1920646919602
-19.5,"2021-22","shape",21.3516483707646,17.6365374997944,25.8493419217966
-19,"2021-22","shape",21.169257889308,17.5656951577581,25.5120833852171
-18.5,"2021-22","shape",20.9884255210244,17.4944153265686,25.1802645374826
-18,"2021-22","shape",20.8091380083812,17.4226511593363,24.853865275252
-17.5,"2021-22","shape",20.6313822068244,17.3503518575963,24.5328702989795
-17,"2021-22","shape",20.4551450791382,17.2774622501515,24.2172695359193
-16.5,"2021-22","shape",20.2804136945706,17.2039223521795,23.9070585883469
-16,"2021-22","shape",20.107175227939,17.1296668915421,23.6022392149767
-15.5,"2021-22","shape",19.9354169512372,17.0546247774898,23.3028198629281
-15,"2021-22","shape",19.7651262256707,16.9787185811128,23.0088161748124
-14.5,"2021-22","shape",19.5962904939577,16.9018640593963,22.7202514334561
-14,"2021-22","shape",19.4288972854537,16.8239697685019,22.4371569209212
-13.5,"2021-22","shape",19.2629342256628,16.7449367085783,22.1595722599608
-13,"2021-22","shape",19.0983890271241,16.6646579197335,21.8875457983123
-12.5,"2021-22","shape",18.9352494923611,16.5830181719886,21.6211349236534
-12,"2021-22","shape",18.7735035246464,16.4998938004543,21.3604062457788
-11.5,"2021-22","shape",18.6131391311293,16.4151526595269,21.1054356606125
-11,"2021-22","shape",18.4541444277373,16.3286543763414,20.8563081017392
-10.5,"2021-22","shape",18.2965076427108,16.2402510030794,20.6131168697021
-10,"2021-22","shape",18.1402171231747,16.1497880670115,20.3759625767532
-9.5,"2021-22","shape",17.9852613378313,16.0571061070937,20.1449516016579
-9,"2021-22","shape",17.8316288738629,15.9620427667193,19.920193984077
-8.5,"2021-22","shape",17.6793084354851,15.8644354967214,19.7018007241171
-8,"2021-22","shape",17.5282888401399,15.7641249543989,19.4898803804292
-7.5,"2021-22","shape",17.3785590120981,15.6609591387532,19.284534916488
-7,"2021-22","shape",17.2301079754991,15.5547982088448,19.085854850791
-6.5,"2021-22","shape",17.0829248478395,15.4455198092767,18.8939138960968
-6,"2021-22","shape",16.9369988351638,15.3330245791743,18.7087634315779
-5.5,"2021-22","shape",16.7923192294422,15.2172415430079,18.53042710182
-5,"2021-22","shape",16.6488754068724,15.0981329609215,18.3588959662099
-4.5,"2021-22","shape",16.5066568289586,14.9756982614202,18.1941245685306
-4,"2021-22","shape",16.3656530457845,14.8499766819417,18.0360282949599
-3.5,"2021-22","shape",16.2258537005831,14.7210483036084,17.8844823332446
-3,"2021-22","shape",16.0872485346923,14.5890332866566,17.7393224302026
-2.5,"2021-22","shape",15.949827391891,14.4540892846229,17.600347474106
-2,"2021-22","shape",15.8135802211608,14.3164072163139,17.4673237239388
-1.5,"2021-22","shape",15.6784970771235,14.176205757345,17.3399903193426
-1,"2021-22","shape",15.5445681177209,14.0337250287515,17.2180655863941
-0.5,"2021-22","shape",15.4117835990959,13.8892199840292,17.1012536325641
0,"2021-22","shape",15.2801338680354,13.7429539387456,16.9892507874033
0.5,"2021-22","shape",15.1496093526911,13.5951925850927,16.8817515531781
1,"2021-22","shape",15.0202005525549,13.4461987264049,16.7784538388487
1.5,"2021-22","shape",14.891898028784,13.2962278753911,16.6790633387198
2,"2021-22","shape",14.7646923959416,13.1455247848988,16.5832969861501
2.5,"2021-22","shape",14.638574316048,12.9943209116484,16.490885477083
3,"2021-22","shape",14.5135344955421,12.8428327470219,16.4015749252933
3.5,"2021-22","shape",14.3895636853964,12.6912608925842,16.3151277724556
4,"2021-22","shape",14.2666526842502,12.5397897263139,16.2313231126926
4.5,"2021-22","shape",14.144792344084,12.3885875075824,16.1499565898696
5,"2021-22","shape",14.0239735777066,12.2378067989949,16.070839991065
5.5,"2021-22","shape",13.9041873672557,12.0875851241252,15.9938006110004
6,"2021-22","shape",13.7854247728744,11.938045805402,15.9186804328214
6.5,"2021-22","shape",13.6676769393456,11.7892989176208,15.8453351826639
7,"2021-22","shape",13.5509351005003,11.6414423126265,15.7736332978953
7.5,"2021-22","shape",13.435190581048,11.4945626471302,15.7034548847448
8,"2021-22","shape",13.3204347982198,11.3487363587954,15.6346907359525
8.5,"2021-22","shape",13.2066592594033,11.2040305737569,15.5672414177909
9,"2021-22","shape",13.0938555607518,11.0605039370536,15.5010164474931
9.5,"2021-22","shape",12.9820153831777,10.9182073893195,15.43593351908
10,"2021-22","shape",12.8711304865099,10.7771849121156,15.3719177458414
-25,"2022-23","shape",19.7730013296348,14.3775154920668,27.1932644967394
-24.5,"2022-23","shape",19.8529732616447,14.5236934174336,27.1377628265323
-24,"2022-23","shape",19.9332686402475,14.6711804840436,27.0827012943107
-23.5,"2022-23","shape",20.0138887736232,14.8199755720776,27.0280974415132
-23,"2022-23","shape",20.094834975243,14.9700762969507,26.9739702505391
-22.5,"2022-23","shape",20.1761085638905,15.1214788679269,26.920340287967
-22,"2022-23","shape",20.2577108636829,15.2741779299643,26.8672298645622
-21.5,"2022-23","shape",20.3396432040929,15.4281663865549,26.8146632143096
-21,"2022-23","shape",20.4219069199702,15.5834352009982,26.762666695031
-20.5,"2022-23","shape",20.5045033515635,15.7399731731711,26.7112690135275
-20,"2022-23","shape",20.5874338445345,15.8977666867461,26.6605014814086
-19.5,"2022-23","shape",20.6706997497647,16.0567994006332,26.610398341781
-19,"2022-23","shape",20.7543024225857,16.2170519503974,26.5609970520933
-18.5,"2022-23","shape",20.8382432220612,16.3785016691543,26.5123385125987
-18,"2022-23","shape",20.9225235102703,16.5411222267665,26.4644674065374
-17.5,"2022-23","shape",21.0071446511066,16.704883168156,26.4174326722473
-17,"2022-23","shape",21.0921080106703,16.8697493786111,26.3712880582467
-16.5,"2022-23","shape",21.1774149588649,17.0356804831845,26.326092742972
-16,"2022-23","shape",21.2630668701186,17.2026301572423,26.2819120442924
-15.5,"2022-23","shape",21.3490651223229,17.370545317273,26.2388182565554
-15,"2022-23","shape",21.4354110962319,17.5393652226461,26.1968915654487
-14.5,"2022-23","shape",21.5221061753199,17.7090204911588,26.156221031705
-14,"2022-23","shape",21.6091517467418,17.8794320377422,26.1169056280986
-13.5,"2022-23","shape",21.6965492025618,18.0505098693338,26.0790554231895
-13,"2022-23","shape",21.7842999402333,18.222151640259,26.0427930386438
-12.5,"2022-23","shape",21.8724053630688,18.3942410236936,26.0082552876289
-12,"2022-23","shape",21.9608668803018,18.5666458878792,25.9755950022821
-11.5,"2022-23","shape",22.0496859075413,18.7392161925231,25.9449831639816
-11,"2022-23","shape",22.1388638664341,18.9117816853688,25.9166112136167
-10.5,"2022-23","shape",22.2284021835458,19.0841494207988,25.890693514219
-10,"2022-23","shape",22.3183022883302,19.2561010311572,25.8674700671401
-9.5,"2022-23","shape",22.4085656108589,19.4273897853636,25.8472094441877
-9,"2022-23","shape",22.4991935802056,19.597737474904,25.830211901134
-8.5,"2022-23","shape",22.59018762166,19.7668311897881,25.8168126131131
-8,"2022-23","shape",22.6815491547065,19.9343201659172,25.8073848405905
-7.5,"2022-23","shape",22.7732795925795,20.0998129594827,25.8023427604644
-7,"2022-23","shape",22.8653803439186,20.2628752719903,25.8021436372738
-6.5,"2022-23","shape",22.9578528169638,20.4230288203312,25.8072889482818
-6,"2022-23","shape",23.0506984229847,20.5797516975902,25.8183240301003
-5.5,"2022-23","shape",23.1439185820546,20.732480870356,25.8358355993301
-5,"2022-23","shape",23.2375147317375,20.8806174785125,25.8604464864793
-4.5,"2022-23","shape",23.3314883364239,21.0235356546484,25.8928068491811
-4,"2022-23","shape",23.4258408966612,21.1605954297012,25.9335812897508
-3.5,"2022-23","shape",23.5205739576776,21.291159945687,25.9834316547253
-3,"2022-23","shape",23.6156891161073,21.4146166422141,26.042995854021
-2.5,"2022-23","shape",23.7111880240109,21.5304013662049,26.1128637570354
-2,"2022-23","shape",23.8070723894953,21.6380235971085,26.1935519764573
-1.5,"2022-23","shape",23.9033439735638,21.7370903587595,26.2854799648133
-1,"2022-23","shape",24.0000045832174,21.8273260996723,26.3889501336174
-0.5,"2022-23","shape",24.0970560612541,21.9085860231735,26.5041345071301
0,"2022-23","shape",24.1945002735947,21.9808610857299,26.631069693125
0.5,"2022-23","shape",24.2923390952681,22.0442740448814,26.7696607979937
1,"2022-23","shape",24.3905743963556,22.0990672635929,26.9196935910605
1.5,"2022-23","shape",24.4892080292026,22.145584130201,27.0808530663092
2,"2022-23","shape",24.5882418180527,22.1842466503779,27.2527458439855
2.5,"2022-23","shape",24.6876775519526,22.2155318869196,27.4349237286568
3,"2022-23","shape",24.7875169813724,22.239949533042,27.6269061307434
3.5,"2022-23","shape",24.8877618185256,22.2580222115179,27.8281997586982
4,"2022-23","shape",24.9884137409335,22.2702693383016,28.0383147506061
4.5,"2022-23","shape",25.0894743974169,22.2771947607102,28.2567770448748
5,"2022-23","shape",25.1909454154743,22.2792779582629,28.483137205533
5.5,"2022-23","shape",25.2928284093466,22.276968369624,28.7169761311398
6,"2022-23","shape",25.3951249882068,22.270682308505,28.9579081697177
6.5,"2022-23","shape",25.4978367607628,22.2608018761466,29.2055822200707
7,"2022-23","shape",25.6009653386772,22.2476753485111,29.4596813377184
7.5,"2022-23","shape",25.704512338108,22.2316185314722,29.7199213635567
8,"2022-23","shape",25.8084793798365,22.2129166701669,29.9860490087742
8.5,"2022-23","shape",25.9128680888166,22.1918266526037,30.2578396587118
9,"2022-23","shape",26.0176800935335,22.1685793081233,30.5350951019855
9.5,"2022-23","shape",26.1229170259116,22.1433817287488,30.8176412393548
10,"2022-23","shape",26.2285805220396,22.1164195714996,31.1053257954841
-25,"2023-24","shape",15.379543200827,10.7849898798214,21.9314391299198
-24.5,"2023-24","shape",15.5381834997167,10.9683950851574,22.0118936814723
-24,"2023-24","shape",15.6984601764951,11.1548089401241,22.0928617635525
-23.5,"2023-24","shape",15.8603901104331,11.3442722455036,22.1743598012494
-23,"2023-24","shape",16.0239903549118,11.5368255391885,22.2564054576463
-22.5,"2023-24","shape",16.1892781392182,11.7325089909161,22.339017755869
-22,"2023-24","shape",16.3562708703596,11.9313622829235,22.4222172155034
-21.5,"2023-24","shape",16.5249861348972,12.1334244745763,22.5060260053321
-21,"2023-24","shape",16.6954417007978,12.3387338487279,22.5904681146416
-20.5,"2023-24","shape",16.8676555193049,12.5473277372208,22.6755695456917
-20,"2023-24","shape",17.0416457267466,12.7592423207059,22.7613585333861
-19.5,"2023-24","shape",17.2174306447535,12.9745123732508,22.8478658371823
-19,"2023-24","shape",17.3950287811569,13.1931710183756,22.9351249882104
-18.5,"2023-24","shape",17.5744588336508,13.4152495155772,23.0231724677986
-18,"2023-24","shape",17.7557396935145,13.6407769754701,23.1120479889659
-17.5,"2023-24","shape",17.9388904492344,13.8697799820038,23.2017949071417
-17,"2023-24","shape",18.1239303887434,14.1022821495594,23.2924606990846
-16.5,"2023-24","shape",18.3108790003011,14.3383036196449,23.3840974956263
-16,"2023-24","shape",18.4997559738364,14.5778604745764,23.4767627038521
-15.5,"2023-24","shape",18.6905812032929,14.820964038681,23.5705197587116
-15,"2023-24","shape",18.8833747877793,15.0676200946179,23.6654389436797
-14.5,"2023-24","shape",19.0781570309666,15.317828016721,23.7615982697353
-14,"2023-24","shape",19.2749484417429,15.5715798267246,23.8590844067231
-13.5,"2023-24","shape",19.4737697353729,15.8288591041132,23.9579937639208
-13,"2023-24","shape",19.6746418256822,16.0896396526506,24.0584338323023
-12.5,"2023-24","shape",19.8775858239043,16.3538839627016,24.1605247467714
-12,"2023-24","shape",20.0826230452965,16.6215414462663,24.2644010895915
-11.5,"2023-24","shape",20.2897749986392,16.892546338207,24.3702140135197
-11,"2023-24","shape",20.4990633830272,17.1668153211584,24.4781336386515
-10.5,"2023-24","shape",20.7105100966267,17.4442448647572,24.5883517336449
-10,"2023-24","shape",20.9241372372553,17.7247081510445,24.7010848016528
-9.5,"2023-24","shape",21.1399671076276,18.0080515579638,24.8165776221326
-9,"2023-24","shape",21.3580222261207,18.2940906497957,24.935107305624
-8.5,"2023-24","shape",21.5783253380204,18.5826056120482,25.0569879227034
-8,"2023-24","shape",21.8008994281201,18.8733361634909,25.1825756590083
-7.5,"2023-24","shape",22.0257677342922,19.1659760198878,25.312274406562
-7,"2023-24","shape",22.2529537578862,19.4601670187775,25.4465416701101
-6.5,"2023-24","shape",22.4824812684695,19.7554930663962,25.585894631345
-6,"2023-24","shape",22.7143743194948,20.051474135923,25.7309162024049
-5.5,"2023-24","shape",22.9486572543206,20.3475607879481,25.8822605453629
-5,"2023-24","shape",23.1853547168312,20.6431298692012,26.0406574367052
-4.5,"2023-24","shape",23.42449165626,20.9374823461461,26.2069144839275
-4,"2023-24","shape",23.6660933279892,21.2298444854632,26.3819159764737
-3.5,"2023-24","shape",23.9101852924538,21.5193737675312,26.5666169887369
-3,"2023-24","shape",24.1567934127647,21.8051709363619,26.7620313406429
-2.5,"2023-24","shape",24.4059438517088,22.0862993481791,26.969212266059
-2,"2023-24","shape",24.657663068719,22.3618121772602,27.1892252376909
-1.5,"2023-24","shape",24.9119778172404,22.6307869954681,27.4231134291069
-1,"2023-24","shape",25.1689151426809,22.8923657941302,27.67185773442
-0.5,"2023-24","shape",25.4285023808668,23.1457968986914,27.9363348846419
0,"2023-24","shape",25.6907671566837,23.3904739018633,28.2172785326235
0.5,"2023-24","shape",25.9557373824092,23.6259662814958,28.5152486479356
1,"2023-24","shape",26.2234412551874,23.8520371847743,28.8306137516519
1.5,"2023-24","shape",26.4939072531744,24.0686459164396,29.1635484595487
2,"2023-24","shape",26.7671641300992,24.2759354041739,29.5140460558516
2.5,"2023-24","shape",27.043240908315,24.4742074652446,29.8819432606233
3,"2023-24","shape",27.322166870812,24.6638903134251,30.266952740629
3.5,"2023-24","shape",27.6039715530634,24.8455031183312,30.6686985517367
4,"2023-24","shape",27.8886847359114,25.01962175227,31.08675039136
4.5,"2023-24","shape",28.1763364409009,25.1868486126928,31.5206537919457
5,"2023-24","shape",28.4669569294837,25.3477880761012,31.9699547113195
5.5,"2023-24","shape",28.7605767092065,25.503028034829,32.4342180668311
6,"2023-24","shape",29.0572265498083,25.6531271793163,32.9130405375157
6.5,"2023-24","shape",29.3569374966715,25.7986071666256,33.4060584595584
7,"2023-24","shape",29.659740892071,25.9399486765393,33.9129518240106
7.5,"2023-24","shape",29.9656683980863,26.0775902757095,34.4334454621934
8,"2023-24","shape",30.2747520180083,26.2119291457649,34.9673083829462
8.5,"2023-24","shape",30.5870241138742,26.3433229877101,35.514351950936
9,"2023-24","shape",30.9025174235723,26.4720925880405,36.0744274347854
9.5,"2023-24","shape",31.2212650679118,26.5985247557734,36.6474231706865
10,"2023-24","shape",31.5433005418718,26.7228754476755,37.233261481275
-25,"2024-25","shape",46.9731906352569,36.3166950249304,60.7566475127074
-24.5,"2024-25","shape",46.9927817508736,36.5157281437711,60.4759003569791
-24,"2024-25","shape",47.0123810373598,36.7153038849846,60.1973492504796
-23.5,"2024-25","shape",47.0319884981233,36.9153848744357,59.9210315593767
-23,"2024-25","shape",47.0516041365733,37.1159301404168,59.646988326828
-22.5,"2024-25","shape",47.0712279561207,37.3168947543555,59.375264632341
-22,"2024-25","shape",47.0908599601773,37.5182294307202,59.1059099919382
-21.5,"2024-25","shape",47.1105001521569,37.7198800810734,58.8389788041769
-21,"2024-25","shape",47.1301485354742,37.9217873165944,58.5745308477023
-20.5,"2024-25","shape",47.1498051135457,38.1238858926913,58.3126318367124
-20,"2024-25","shape",47.1694698900958,38.3261040794665,58.0533540560073
-19.5,"2024-25","shape",47.1891428751257,38.5283628223998,57.7967772872609
-19,"2024-25","shape",47.2088240862264,38.7305750384074,57.5429894700555
-18.5,"2024-25","shape",47.2285135388278,38.9326451368474,57.2920869683262
-18,"2024-25","shape",47.248211235447,39.1344682710889,57.0441752136601
-17.5,"2024-25","shape",47.2679171525743,39.3359292474459,56.799369804838
-17,"2024-25","shape",47.2876312398406,39.5369012603122,56.5577978292345
-16.5,"2024-25","shape",47.3073534319147,39.737244504442,56.3195993240528
-16,"2024-25","shape",47.3270836537632,39.9368045913375,56.084928929345
-15.5,"2024-25","shape",47.3468218061752,40.1354106798278,55.8539578186601
-15,"2024-25","shape",47.3665677557231,40.3328735022215,55.626875700635
-14.5,"2024-25","shape",47.3863213298821,40.5289833501495,55.4038928087387
-14,"2024-25","shape",47.406082330132,40.7235080967959,55.185241815355
-13.5,"2024-25","shape",47.4258505515376,40.9161910383681,54.9711799523968
-13,"2024-25","shape",47.445625794589,41.1067482729148,54.7619916830883
-12.5,"2024-25","shape",47.4654078781614,41.2948658949884,54.5579915616979
-12,"2024-25","shape",47.4851966455934,41.4801970766056,54.359527181282
-11.5,"2024-25","shape",47.5049920073282,41.662358899099,54.1669825052829
-11,"2024-25","shape",47.5247939660537,41.8409293465114,53.9807809432457
-10.5,"2024-25","shape",47.5446026061203,42.0154446885678,53.8013878879395
-10,"2024-25","shape",47.5644181175519,42.1853971998656,53.629313009491
-9.5,"2024-25","shape",47.5842408003629,42.3502334454804,53.4651119565095
-9,"2024-25","shape",47.6040710407115,42.509353393699,53.3093871991244
-8.5,"2024-25","shape",47.6239092955559,42.6621106935317,53.1627877693171
-8,"2024-25","shape",47.6437560693227,42.8078147254395,53.0260072127477
-7.5,"2024-25","shape",47.663611881048,42.9457351155102,52.8997790219846
-7,"2024-25","shape",47.6834772339941,43.0751093370328,52.7848689444896
-6.5,"2024-25","shape",47.7033525934708,43.1951538281713,52.6820637729243
-6,"2024-25","shape",47.7232383542966,43.3050786867866,52.5921565803765
-5.5,"2024-25","shape",47.7431348277551,43.4041061167643,52.5159282637733
-5,"2024-25","shape",47.7630422223298,43.4914922132975,52.4541257665688
-4.5,"2024-25","shape",47.7829606410594,43.566551449151,52.4074376253972
-4,"2024-25","shape",47.8028900915092,43.628682586752,52.3764680851213
-3.5,"2024-25","shape",47.8228305031678,43.6773941186933,52.3617116698796
-3,"2024-25","shape",47.84278174947,43.7123268974542,52.3635305642062
-2.5,"2024-25","shape",47.8627436711566,43.733271541192,52.3821372378491
-2,"2024-25","shape",47.8827160976937,43.7401786254682,52.4175843113122
-1.5,"2024-25","shape",47.9026988639684,43.733160523837,52.4697627833533
-1,"2024-25","shape",47.9226918203873,43.7124848160321,52.5384086715087
-0.5,"2024-25","shape",47.9426948356725,43.6785601683956,52.6231171367582
0,"2024-25","shape",47.9627077929041,43.6319163141717,52.72336246392
0.5,"2024-25","shape",47.9827305804765,43.5731801612139,52.838521894438
1,"2024-25","shape",48.0027630804646,43.5030501672564,52.9679012046281
1.5,"2024-25","shape",48.0228051572702,43.4222710045795,53.1107600274963
2,"2024-25","shape",48.042856649311,43.3316102207495,53.2663352058169
2.5,"2024-25","shape",48.0629173659212,43.2318381179495,53.4338609295507
3,"2024-25","shape",48.0829870906665,43.1237114848424,53.6125850014982
3.5,"2024-25","shape",48.1030655911027,43.0079612393069,53.801781172253
4,"2024-25","shape",48.123152633816,42.8852836109057,54.0007579389924
4.5,"2024-25","shape",48.1432480025876,42.7563342902175,54.2088644107396
5,"2024-25","shape",48.1633515168934,42.6217249817501,54.4254938140842
5.5,"2024-25","shape",48.1834630456682,42.4820219211875,54.650085049633
6,"2024-25","shape",48.2035825114596,42.3377460071396,54.8821225992348
6.5,"2024-25","shape",48.2237098950612,42.1893741582565,55.1211351777761
7,"2024-25","shape",48.2438452269654,42.0373415644737,55.3666934126578
7.5,"2024-25","shape",48.2639885720651,41.8820444014224,55.6184070328075
8,"2024-25","shape",48.2841400176734,41.7238426403504,55.8759220080001
8.5,"2024-25","shape",48.3042996560397,41.5630628034516,56.138917776452
9,"2024-25","shape",48.3244675710483,41.400000554687,56.4071047037927
9.5,"2024-25","shape",48.3446438289085,41.2349232306856,56.6802216138177
10,"2024-25","shape",48.3648284798655,41.0680724147178,56.9580332445434
-25,"2025-26","shape",12.2046874865418,9.36363075294221,15.9077606298547
-24.5,"2025-26","shape",12.1975646120577,9.40978407543905,15.8112642407663
-24,"2025-26","shape",12.1904458946108,9.45596518625794,15.7156850921362
-23.5,"2025-26","shape",12.183331331775,9.50215899406954,15.6210354333632
-23,"2025-26","shape",12.1762209211258,9.54834899869144,15.5273289592137
-22.5,"2025-26","shape",12.1691146602397,9.59451714637885,15.4345809543892
-22,"2025-26","shape",12.1620125466948,9.6406436685075,15.3428084547037
-21.5,"2025-26","shape",12.1549145780708,9.68670690166356,15.252030426855
-21,"2025-26","shape",12.1478207519486,9.73268308694359,15.1622679689878
-20.5,"2025-26","shape",12.1407310659105,9.77854614604773,15.0735445344644
-20,"2025-26","shape",12.1336455170658,9.82426742883255,14.9858861844222
-19.5,"2025-26","shape",12.1265640921868,9.86981539153906,14.899321907072
-19,"2025-26","shape",12.1194867588364,9.91515530841325,14.8138838705812
-18.5,"2025-26","shape",12.1124134713781,9.96024904313105,14.7296076098416
-18,"2025-26","shape",12.1053441774544,10.0050547340949,14.6465323328276
-17.5,"2025-26","shape",12.0982788220334,10.049526373265,14.5647013619516
-17,"2025-26","shape",12.0912173513605,10.0936133213402,14.4841626465664
-16.5,"2025-26","shape",12.084159713755,10.1372597759272,14.4049693127435
-16,"2025-26","shape",12.0771058597334,10.1804041820872,14.3271802708824
-15.5,"2025-26","shape",12.070055745923,10.222978567938,14.2508609150956
-15,"2025-26","shape",12.0630093380304,10.2649078543673,14.1760838337674
-14.5,"2025-26","shape",12.0559666123837,10.3061091660274,14.1029294971979
-14,"2025-26","shape",12.0489275522874,10.3464911735257,14.0314868804745
-13.5,"2025-26","shape",12.0418921424051,10.3859534234668,13.9618540982167
-13,"2025-26","shape",12.0348603646353,10.4243855993552,13.8941391428604
-12.5,"2025-26","shape",12.0278321943913,10.4616668219137,13.8284605846368
-12,"2025-26","shape",12.0208075997838,10.4976650483214,13.7649481752256
-11.5,"2025-26","shape",12.0137865308636,10.5322365551623,13.703743364786
-11,"2025-26","shape",12.00676891498,10.5652257009831,13.6449995350611
-10.5,"2025-26","shape",11.9997546623948,10.596465099814,13.5888818206171
-10,"2025-26","shape",11.992743666372,10.6257762228363,13.5355664970812
-9.5,"2025-26","shape",11.9857358085321,10.6529705699874,13.4852398143909
-9,"2025-26","shape",11.9787309691234,10.6778515281444,13.438096161239
-8.5,"2025-26","shape",11.9717290392754,10.7002170107635,13.3943354649404
-8,"2025-26","shape",11.9647299338739,10.7198630128064,13.3541596771824
-7.5,"2025-26","shape",11.9577336035631,10.7365881572251,13.3177682556037
-7,"2025-26","shape",11.9507400406354,10.7501991866006,13.2853526748474
-6.5,"2025-26","shape",11.943749275722,10.7605171941997,13.2570901739002
-6,"2025-26","shape",11.9367613868183,10.7673842157293,13.2331371808658
-5.5,"2025-26","shape",11.9297764942906,10.7706697411828,13.2136227944631
-5,"2025-26","shape",11.9227947568462,10.770276600135,13.1986429032007
-4.5,"2025-26","shape",11.9158163595224,10.7661456990062,13.1882554336012
-4,"2025-26","shape",11.9088414966122,10.7582591377504,13.1824771996603
-3.5,"2025-26","shape",11.9018703529309,10.7466413531298,13.1812827136657
-3,"2025-26","shape",11.8949030854489,10.7313581264039,13.1846051306493
-2.5,"2025-26","shape",11.8879398073673,10.7125135326333,13.1923392612835
-2,"2025-26","shape",11.8809805764916,10.6902451553261,13.2043463370568
-1.5,"2025-26","shape",11.8740253892923,10.6647180836139,13.2204600103016
-1,"2025-26","shape",11.8670741813914,10.6361182984468,13.2404929763909
-0.5,"2025-26","shape",11.8601268344526,10.6046460242843,13.2642436350246
0,"2025-26","shape",11.8531831886945,10.5705095019135,13.2915023329118
0.5,"2025-26","shape",11.8462430595838,10.5339194813178,13.3220568920831
1,"2025-26","shape",11.8393062567841,10.4950845922495,13.3556972704575
1.5,"2025-26","shape",11.8323726032109,10.4542076489168,13.392219298009
2,"2025-26","shape",11.8254419520883,10.4114828790976,13.4314274907909
2.5,"2025-26","shape",11.8185142002113,10.3670940182534,13.47313699043
3,"2025-26","shape",11.8115892961439,10.3212131631686,13.5171747250254
3.5,"2025-26","shape",11.804667242742,10.2740002407596,13.5633799344318
4,"2025-26","shape",11.797748094088,10.22560293018,13.6116042292978
4.5,"2025-26","shape",11.7908319475711,10.1761568905721,13.6617113425859
5,"2025-26","shape",11.7839189323361,10.1257861877477,13.7135766872
5.5,"2025-26","shape",11.777009195486,10.0746038627329,13.7670867738654
6,"2025-26","shape",11.7701028875078,10.0227126138036,13.8221385088628
6.5,"2025-26","shape",11.7632001507098,9.97020555219317,13.8786384153556
7,"2025-26","shape",11.7563011109948,9.91716700697294,13.9365017968538
7.5,"2025-26","shape",11.7494058736775,9.86367331983976,13.9956519146611
8,"2025-26","shape",11.7425145196748,9.80979357338101,14.0560192437618
8.5,"2025-26","shape",11.7356271077635,9.75559025205933,14.1175408205978
9,"2025-26","shape",11.7287436754765,9.70111982155741,14.1801596862397
9.5,"2025-26","shape",11.7218642436722,9.64643326817284,14.2438243781171
10,"2025-26","shape",11.7149888233451,9.59157662830532,14.308488421611
